{
  "id": "",
  "name": "",
  "font_family": "iconfont",
  "css_prefix_text": "icon-",
  "description": "",
  "glyphs": [
    {
      "icon_id": "1312175",
      "name": "坐标",
      "font_class": "zuobiao",
      "unicode": "e659",
      "unicode_decimal": 58969
    },
    {
      "icon_id": "1319350",
      "name": "起床",
      "font_class": "qichuang",
      "unicode": "e686",
      "unicode_decimal": 59014
    },
    {
      "icon_id": "1319372",
      "name": "睡觉",
      "font_class": "shuijue",
      "unicode": "e689",
      "unicode_decimal": 59017
    },
    {
      "icon_id": "3901159",
      "name": "爱好",
      "font_class": "aihao",
      "unicode": "e603",
      "unicode_decimal": 58883
    },
    {
      "icon_id": "4075982",
      "name": "自习",
      "font_class": "zixi",
      "unicode": "e60d",
      "unicode_decimal": 58893
    },
    {
      "icon_id": "4686545",
      "name": "刷新",
      "font_class": "shuaxin",
      "unicode": "ec08",
      "unicode_decimal": 60424
    },
    {
      "icon_id": "5387909",
      "name": "箭头_列表收起_o",
      "font_class": "jiantou_liebiaoshouqi_o",
      "unicode": "eb8a",
      "unicode_decimal": 60298
    },
    {
      "icon_id": "6752473",
      "name": "天气icon_晴天_白天",
      "font_class": "tianqiicon_qingtian_baitian",
      "unicode": "e619",
      "unicode_decimal": 58905
    },
    {
      "icon_id": "6752475",
      "name": "天气icon_晴天_黑夜",
      "font_class": "tianqiicon_qingtian_heiye",
      "unicode": "e61a",
      "unicode_decimal": 58906
    },
    {
      "icon_id": "7199864",
      "name": "微信",
      "font_class": "weixin",
      "unicode": "e630",
      "unicode_decimal": 58928
    },
    {
      "icon_id": "9186714",
      "name": "QQ",
      "font_class": "QQ",
      "unicode": "e667",
      "unicode_decimal": 58983
    },
    {
      "icon_id": "9917164",
      "name": "姓名",
      "font_class": "xingming",
      "unicode": "e6a2",
      "unicode_decimal": 59042
    },
    {
      "icon_id": "16984940",
      "name": "按年龄分布",
      "font_class": "tubiaozhizuomoban_annianlingfenbu",
      "unicode": "e602",
      "unicode_decimal": 58882
    },
    {
      "icon_id": "29812021",
      "name": "网站定制",
      "font_class": "wangzhandingzhi",
      "unicode": "e69d",
      "unicode_decimal": 59037
    }
  ]
}
